restaurant_id,master_business_id,name,business_status,address,city,website,geometry_location_lat,geometry_location_lng,geometry_viewport_northeast_lat,geometry_viewport_northeast_lng,geometry_viewport_southwest_lat,geometry_viewport_southwest_lng,opening_hours_open_now,place_id,plus_code_compound_code,plus_code_global_code,price_level,rating,reference,types,user_ratings_total,normalized_name,is_active,created_at
1,223,Uptown Social House,OPERATIONAL,"1900 Walkers Line, Burlington, ON L7M 4W5, Canada", Burlington,https://uptownsocialhouse.ca/,43.3784,-79.8055,43.3798,-79.8042,43.3771,-79.8069,f,ChIJlcR9YQthK4gRKXAzDspNXK4,"95HV+9R Burlington, Ontario",87M295HV+9R,2,4.4,ChIJlcR9YQthK4gRKXAzDspNXK4,meal_takeaway,556,uptown social house,t,2024-12-31 05:23:56.378934
2,269,Mount Royal Family Restaurant,OPERATIONAL,"2029 Mt Forest Dr, Burlington, ON L7P 1H4, Canada", Burlington,"NULL",43.34788,-79.8274,43.34921,-79.826,43.34651,-79.8287,f,ChIJbdwmiPdhK4gRqi0e2pbI0LA,"85XF+52 Burlington, Ontario",87M285XF+52,1,4.2,ChIJbdwmiPdhK4gRqi0e2pbI0LA,restaurant,711,mount royal family restaurant,t,2024-12-31 05:23:56.42424
3,618,Downtown Bistro & Grill | Casual Fine Dining,OPERATIONAL,"441 Elizabeth St, Burlington, ON L7R 2L8, Canada", Burlington,https://downtownbistro.ca/,43.32661,-79.7966,43.32793,-79.7953,43.32523,-79.798,f,ChIJJ3hmZiWeLIgREL1009fY8pw,"86G3+M9 Burlington, Ontario",87M286G3+M9,2,4.6,ChIJJ3hmZiWeLIgREL1009fY8pw,restaurant,359,downtown bistro & grill | casual fine dining,t,2024-12-31 05:23:56.526746
4,531,MYTHOS Greek Cuisine | Wine Bar,OPERATIONAL,"3500 Fairview St, Burlington, ON L7N 2R5, Canada", Burlington,"NULL",43.35832,-79.7804,43.35975,-79.7792,43.35705,-79.7819,f,ChIJB0KuBN2dLIgRV6-5oTe0yUc,"9659+8R Burlington, Ontario",87M29659+8R,2,4.3,ChIJB0KuBN2dLIgRV6-5oTe0yUc,restaurant,1147,mythos greek cuisine | wine bar,t,2024-12-31 05:23:56.571672
5,573,Sunset Bistro On The Waterfront,OPERATIONAL,"399 Elizabeth St Unit 3, Burlington, ON L7R 0A4, Canada", Burlington,https://sunsetbistro.ca/,43.32528,-79.7946,43.32661,-79.7931,43.32391,-79.7958,f,ChIJnUpjlqufLIgRdHb1QdwMC-0,"86G4+45 Burlington, Ontario",87M286G4+45,NULL,4.3,ChIJnUpjlqufLIgRdHb1QdwMC-0,restaurant,187,sunset bistro on the waterfront,t,2024-12-31 05:23:56.611326
6,541,Lugano Pizza,OPERATIONAL,"353 Brant St, Burlington, ON L7R 2E7, Canada", Burlington,"NULL",43.3248,-79.7963,43.3261,-79.795,43.3234,-79.7977,f,ChIJ492AG9w0K4gRxacJBMiGRIg,"86F3+WF Burlington, Ontario",87M286F3+WF,1,4.5,ChIJ492AG9w0K4gRxacJBMiGRIg,meal_takeaway,543,lugano pizza,t,2024-12-31 05:23:56.65412
7,584,Lucky Wok,OPERATIONAL,"4033 New St, Burlington, ON L7L 1S8, Canada", Burlington,"NULL",43.35441,-79.7691,43.3558,-79.7677,43.3531,-79.7704,f,ChIJLY_V10ZgK4gRtbS1bWeL0bw,"963J+Q9 Burlington, Ontario",87M2963J+Q9,1,3.6,ChIJLY_V10ZgK4gRtbS1bWeL0bw,restaurant,214,lucky wok,t,2024-12-31 05:23:56.692902
8,770,China Star,OPERATIONAL,"728 Burloak Dr, Burlington, ON L7L 6P3, Canada", Burlington,"NULL",43.38853,-79.7484,43.3899,-79.747,43.3872,-79.7497,f,ChIJczUrY6JgK4gRoYN8js-I5sU,"97Q2+CJ Burlington, Ontario",87M297Q2+CJ,1,3.8,ChIJczUrY6JgK4gRoYN8js-I5sU,restaurant,110,china star,t,2024-12-31 05:23:56.730822
9,213,Daytime Grill,OPERATIONAL,"1860 Appleby Line, Burlington, ON L7L 0B7, Canada", Burlington,"NULL",43.39122,-79.7882,43.39261,-79.7869,43.38991,-79.7896,f,ChIJ6fZBzSFhK4gRmT6cwkm7Y6E,"96R6+FP Burlington, Ontario",87M296R6+FP,1,4.2,ChIJ6fZBzSFhK4gRmT6cwkm7Y6E,restaurant,294,daytime grill,t,2024-12-31 05:23:56.76838
10,270,Charcoal Pit,OPERATIONAL,"2031 Lakeshore Rd., Burlington, ON L7R 0A4, Canada", Burlington,"NULL",43.32523,-79.7951,43.32657,-79.7937,43.32387,-79.7964,f,ChIJG9AI4C-eLIgROUI8T9CVWgo,"86G3+3X Burlington, Ontario",87M286G3+3X,1,4.3,ChIJG9AI4C-eLIgROUI8T9CVWgo,restaurant,1141,charcoal pit,t,2024-12-31 05:23:56.807147
11,536,Zesty - Shawarma Saj Catering,OPERATIONAL,"3505 Upper Middle Rd, Burlington, ON L7M 4C6, Canada", Burlington,"NULL",43.37994,-79.808,43.38127,-79.8066,43.37857,-79.8093,f,ChIJAQz5R3NhK4gRg0YBZAS3c0c,"95HR+XR Burlington, Ontario",87M295HR+XR,1,4.5,ChIJAQz5R3NhK4gRg0YBZAS3c0c,restaurant,977,zesty - shawarma saj catering,t,2024-12-31 05:23:56.846151
12,155,Sultan's Wings & Kabob Shop,OPERATIONAL,"1500 Upper Middle Rd, Burlington, ON L7P 3P5, Canada", Burlington,"NULL",43.35595,-79.845,43.35734,-79.8437,43.35464,-79.8464,f,ChIJu3ShXhZiK4gRMKi3sLQQH4M,"9544+92 Burlington, Ontario",87M29544+92,1,4.6,ChIJu3ShXhZiK4gRMKi3sLQQH4M,restaurant,658,sultan's wings & kabob shop,t,2024-12-31 05:23:56.890684
13,369,Sea Shanty Fish & Chips,OPERATIONAL,"2455 Mt Forest Dr, Burlington, ON L7P 1J7, Canada", Burlington,"NULL",43.35972,-79.8158,43.36102,-79.8143,43.35832,-79.817,f,ChIJRQwuy5NhK4gRyJ-bqtcktp4,"955M+VM Burlington, Ontario",87M2955M+VM,1,4.4,ChIJRQwuy5NhK4gRyJ-bqtcktp4,restaurant,279,sea shanty fish & chips,t,2024-12-31 05:23:56.929448
15,755,Chef Grande Mediterranean Cuisine,OPERATIONAL,"676 Appleby Line e103, Burlington, ON L7L 6J9, Canada", Burlington,"NULL",43.37156,-79.7617,43.37293,-79.7605,43.37023,-79.7632,f,ChIJnfSIzopgK4gRQ6TWjPrJMEo,"96CQ+J8 Burlington, Ontario",87M296CQ+J8,1,4.5,ChIJnfSIzopgK4gRQ6TWjPrJMEo,restaurant,887,chef grande mediterranean cuisine,t,2024-12-31 05:23:57.042885
16,46,Mike & Vydia's Sandwich Garden,OPERATIONAL,"1122 International Blvd, Burlington, ON L7L 6Z8, Canada", Burlington,"NULL",43.39169,-79.7623,43.39314,-79.761,43.39044,-79.7637,f,ChIJvYSWY79gK4gRPc71zbsivE8,"96RQ+M3 Burlington, Ontario",87M296RQ+M3,1,4.8,ChIJvYSWY79gK4gRPc71zbsivE8,restaurant,239,mike & vydia's sandwich garden,t,2024-12-31 05:23:57.081489
17,740,Sakis Mediterranean & Greek Restaurant,OPERATIONAL,"645 Plains Rd E, Burlington, ON L7T 4J5, Canada", Burlington,"NULL",43.32294,-79.8321,43.32424,-79.8307,43.32155,-79.8334,f,ChIJZ-5emuGdLIgRENkc6vxIhcY,"85F9+55 Burlington, Ontario",87M285F9+55,1,4.6,ChIJZ-5emuGdLIgRENkc6vxIhcY,restaurant,740,sakis mediterranean & greek restaurant,t,2024-12-31 05:23:57.120738
18,581,Babaz+,OPERATIONAL,"4000 Mainway, Burlington, ON L7M 4B9, Canada", Burlington,"NULL",43.37182,-79.7942,43.37325,-79.7928,43.37055,-79.7955,f,ChIJWWJaGqhhK4gRG793CcVMFcA,"96C4+Q7 Burlington, Ontario",87M296C4+Q7,1,4.4,ChIJWWJaGqhhK4gRG793CcVMFcA,restaurant,307,babaz+,t,2024-12-31 05:23:57.160473
19,715,Pho Mi T&T,OPERATIONAL,"583 Brant St, Burlington, ON L7R 2G6, Canada", Burlington,"NULL",43.32973,-79.8024,43.3311,-79.8011,43.3284,-79.8038,f,ChIJpawHlSOeLIgRX7eLH_7BNXE,"85HX+V3 Burlington, Ontario",87M285HX+V3,1,4.3,ChIJpawHlSOeLIgRX7eLH_7BNXE,restaurant,605,pho mi t&t,t,2024-12-31 05:23:57.198128
20,420,Waffle House,OPERATIONAL,"2701 Alamance Rd, Burlington, NC 27215, United States", Burlington,"NULL",36.06433,-79.4699,36.06551,-79.4684,36.06281,-79.4711,f,ChIJ1b6D_P0rU4gRgWpsFZA-WeQ,"3G7J+P2 Burlington, North Carolina, USA",87823G7J+P2,1,4.1,ChIJ1b6D_P0rU4gRgWpsFZA-WeQ,meal_takeaway,1121,waffle house,t,2024-12-31 05:23:57.236589
21,79,Costco Food Court,OPERATIONAL,"1225 Brant St, Burlington, ON L7P 5C7, Canada", Burlington,"NULL",43.34435,-79.8217,43.34568,-79.8207,43.34298,-79.8234,f,ChIJU2GPVvphK4gRVRgzWRX6LoM,"85VH+P8 Burlington, Ontario",87M285VH+P8,1,4.3,ChIJU2GPVvphK4gRVRgzWRX6LoM,meal_takeaway,17,costco food court,t,2024-12-31 05:23:57.274165
22,694,Tha Spice is Right,CLOSED_TEMPORARILY,"5353 Lakeshore Rd. #24, Burlington, ON L7L 1C8, Canada", Burlington,"NULL",43.36776,-79.733,43.3689,-79.7315,43.3662,-79.7342,f,ChIJH-slwixeK4gRD1etGwWMnO0,"9798+4Q Burlington, Ontario",87M29798+4Q,1,4.3,ChIJH-slwixeK4gRD1etGwWMnO0,restaurant,63,tha spice is right,t,2024-12-31 05:23:57.319611
23,604,Bo's Sports Bar,OPERATIONAL,"419 Dundas St E, Waterdown, ON L0R 2H1, Canada", Waterdown,"NULL",43.3408,-79.8846,43.34212,-79.8832,43.33942,-79.8859,f,ChIJmw5rmiydLIgRQYBw_MfWoNI,"84R8+85 Hamilton, Ontario",87M284R8+85,1,4.5,ChIJmw5rmiydLIgRQYBw_MfWoNI,bar,197,bo's sports bar,t,2024-12-31 05:23:57.358176
24,528,Jitterbug Cafe,OPERATIONAL,"35 Main St N, Waterdown, ON L0R 2H0, Canada", Waterdown,"NULL",43.33424,-79.8943,43.33559,-79.893,43.33289,-79.8957,f,ChIJX6o51ISELIgRjyfLg1HiJlo,"84M4+M7 Hamilton, Ontario",87M284M4+M7,1,4.7,ChIJX6o51ISELIgRjyfLg1HiJlo,cafe,189,jitterbug cafe,t,2024-12-31 05:23:57.396521
25,51,Dragon Island Chinese Restaurant,OPERATIONAL,"115 Hamilton St N Unit 9, Waterdown, ON L0R 2H5, Canada", Waterdown,https://www.dragonisland.ca/,43.33513,-79.9038,43.33655,-79.9024,43.33385,-79.9051,f,ChIJqSQ0u1ydLIgRLUiYuNVGFQ4,"83PW+3F Hamilton, Ontario",87M283PW+3F,1,3.5,ChIJqSQ0u1ydLIgRLUiYuNVGFQ4,meal_takeaway,108,dragon island chinese restaurant,t,2024-12-31 05:23:57.434528
26,247,AB Sports Bar,OPERATIONAL,"2000 Appleby Line, Burlington, ON L7L 6M6, Canada", Burlington,"NULL",43.39366,-79.7912,43.39503,-79.79,43.39233,-79.7927,f,ChIJH971MSJhK4gRNS34fJ5aJ0g,"96V5+FG Burlington, Ontario",87M296V5+FG,2,4,ChIJH971MSJhK4gRNS34fJ5aJ0g,bar,746,ab sports bar,t,2024-12-31 05:23:57.472433
27,126,Shooterville Billiards Bar & Grill,OPERATIONAL,"1400 Plains Rd E #202, Burlington, ON L7R 3P8, Canada", Burlington,"NULL",43.33651,-79.8178,43.33796,-79.8166,43.33526,-79.8193,f,ChIJ4cSAVx2eLIgRLDREcSjjzYo,"85PJ+JV Burlington, Ontario",87M285PJ+JV,2,4.3,ChIJ4cSAVx2eLIgRLDREcSjjzYo,bar,462,shooterville billiards bar & grill,t,2024-12-31 05:23:57.511427
28,220,Applestone Pizzeria,OPERATIONAL,"1900 Appleby Line, Burlington, ON L7L 0B7, Canada", Burlington,"NULL",43.39152,-79.7891,43.39291,-79.7876,43.39021,-79.7903,f,ChIJHYAfih9hK4gRvNsNpdW94bo,"96R6+J9 Burlington, Ontario",87M296R6+J9,2,4.6,ChIJHYAfih9hK4gRvNsNpdW94bo,meal_delivery,383,applestone pizzeria,t,2024-12-31 05:23:57.548175
29,794,Jasmine Rice,OPERATIONAL,"777 Guelph Line, Burlington, ON L7R 4K2, Canada", Burlington,"NULL",43.3477,-79.7933,43.34918,-79.7917,43.34648,-79.7944,f,ChIJyeuCl8VhK4gRt0Fo-IQj3oM,"86X4+3M Burlington, Ontario",87M286X4+3M,2,4.1,ChIJyeuCl8VhK4gRt0Fo-IQj3oM,restaurant,178,jasmine rice,t,2024-12-31 05:23:57.587703
30,544,Hakka Rise & MoMo House,OPERATIONAL,"3537 Fairview St unit 3, Burlington, ON L7N 2R4, Canada", Burlington,"NULL",43.36011,-79.7806,43.36143,-79.7792,43.35873,-79.7819,f,ChIJJQcW1RphK4gRCq5iJMrsgRg,"9669+2P Burlington, Ontario",87M29669+2P,2,4.4,ChIJJQcW1RphK4gRCq5iJMrsgRg,restaurant,744,hakka rise & momo house,t,2024-12-31 05:23:57.628258
31,741,Skyway Diner,OPERATIONAL,"645 Plains Rd E, Burlington, ON L7T 4J5, Canada", Burlington,"NULL",43.32264,-79.8322,43.32405,-79.8304,43.32135,-79.8331,f,ChIJoywsG7adLIgRDCGwN4Z9XdI,"85F9+34 Burlington, Ontario",87M285F9+34,2,4.2,ChIJoywsG7adLIgRDCGwN4Z9XdI,restaurant,1062,skyway diner,t,2024-12-31 05:23:57.666582
32,141,The Wingery,OPERATIONAL,"1450 Headon Rd Unit 9, Burlington, ON L7M 3Z5, Canada", Burlington,"NULL",43.373,-79.8094,43.37444,-79.8079,43.37174,-79.8106,f,ChIJJSniecNhK4gRLupLf9ZGb9s,"95FR+56 Burlington, Ontario",87M295FR+56,2,3.8,ChIJJSniecNhK4gRLupLf9ZGb9s,meal_takeaway,227,the wingery,t,2024-12-31 05:23:57.704523
33,233,Hibachi Teppanyaki Restaurant,OPERATIONAL,"1940 Appleby Line, Burlington, ON L7L 0B7, Canada", Burlington,"NULL",43.39206,-79.7908,43.39344,-79.7894,43.39074,-79.7921,f,ChIJj7vJyCNhK4gR5sICTHJ-byc,"96R5+RM Burlington, Ontario",87M296R5+RM,2,4.2,ChIJj7vJyCNhK4gR5sICTHJ-byc,restaurant,1265,hibachi teppanyaki restaurant,t,2024-12-31 05:23:57.742475
34,351,Bento Box,OPERATIONAL,"2405 Fairview St, Burlington, ON L7R 2E3, Canada", Burlington,"NULL",43.34605,-79.7997,43.34728,-79.7982,43.34458,-79.8009,f,ChIJ-YqiA8VhK4gRtpSKb3CPdok,"86W2+C4 Burlington, Ontario",87M286W2+C4,2,4.6,ChIJ-YqiA8VhK4gRtpSKb3CPdok,restaurant,447,bento box,t,2024-12-31 05:23:57.780514
35,597,Sakai Japanese And Korean Restaurant,OPERATIONAL,"4155 Fairview St #22, Burlington, ON L7L 2A4, Canada", Burlington,"NULL",43.3646,-79.7749,43.3658,-79.7734,43.3631,-79.7761,f,ChIJU--CX1BgK4gRnr1uLKc88nw,"967G+R2 Burlington, Ontario",87M2967G+R2,2,4.5,ChIJU--CX1BgK4gRnr1uLKc88nw,meal_takeaway,880,sakai japanese and korean restaurant,t,2024-12-31 05:23:57.820504
36,256,Imi Japanese Cuisine,OPERATIONAL,"2011 Plains Rd E #1, Burlington, ON L7R 0A6, Canada", Burlington,"NULL",43.33881,-79.8174,43.34002,-79.8161,43.33732,-79.8188,f,ChIJq_pB5-JhK4gRfsrDuyzs8KA,"85QM+G2 Burlington, Ontario",87M285QM+G2,2,4,ChIJq_pB5-JhK4gRfsrDuyzs8KA,meal_delivery,671,imi japanese cuisine,t,2024-12-31 05:23:57.858329
37,558,MoMo Sushi Burlington,OPERATIONAL,"366 Plains Rd E, Burlington, ON L7T 0A4, Canada", Burlington,"NULL",43.31571,-79.8405,43.31713,-79.8392,43.31443,-79.8419,f,ChIJq6r-ttydLIgR-QJ28axizGM,"8585+7Q Burlington, Ontario",87M28585+7Q,2,4.8,ChIJq6r-ttydLIgR-QJ28axizGM,meal_takeaway,305,momo sushi burlington,t,2024-12-31 05:23:57.896255
38,863,Sakura Ichiban Express,OPERATIONAL,"Guelph Line, Burlington, ON L7R 4K2, Canada", Burlington,"NULL",43.34856,-79.7949,43.3501,-79.7934,43.3474,-79.7961,f,ChIJyeuCl8VhK4gRLwaXhupO7hg,"86X4+C2 Burlington, Ontario",87M286X4+C2,2,4.3,ChIJyeuCl8VhK4gRLwaXhupO7hg,restaurant,94,sakura ichiban express,t,2024-12-31 05:23:57.934318
39,772,Kudo Sushi - Japanese Cuisine,OPERATIONAL,"738 Burloak Dr, Burlington, ON L7L 0B1, Canada", Burlington,"NULL",43.38888,-79.7484,43.39029,-79.7472,43.38759,-79.7499,f,ChIJE514YKJgK4gRQL0_KbVsRnk,"97Q2+HJ Burlington, Ontario",87M297Q2+HJ,2,4.4,ChIJE514YKJgK4gRQL0_KbVsRnk,restaurant,411,kudo sushi - japanese cuisine,t,2024-12-31 05:23:57.972639
40,162,Kwality Fine Indian Cuisine Restaurant,OPERATIONAL,"1505 Guelph Line, Burlington, ON L7P 3B6, Canada", Burlington,"NULL",43.36459,-79.8193,43.36595,-79.818,43.36325,-79.8207,f,ChIJJzbI0o9hK4gR5rE7GvM90rg,"957J+R7 Burlington, Ontario",87M2957J+R7,2,3.6,ChIJJzbI0o9hK4gR5rE7GvM90rg,meal_delivery,644,kwality fine indian cuisine restaurant,t,2024-12-31 05:23:58.018228
41,526,The Bombay Grill,OPERATIONAL,"3480 Fairview St, Burlington, ON L7N 2R5, Canada", Burlington,"NULL",43.35747,-79.7812,43.35888,-79.7801,43.35618,-79.7828,f,ChIJU4T_aUxgK4gRNrxZSzW-ww4,"9649+XG Burlington, Ontario",87M29649+XG,2,4.3,ChIJU4T_aUxgK4gRNrxZSzW-ww4,restaurant,1041,the bombay grill,t,2024-12-31 05:23:58.063532
42,6,Ben Thanh,OPERATIONAL,"2080 Appleby Line, Burlington, ON L7L 6M6, Canada", Burlington,"NULL",43.39672,-79.7965,43.39812,-79.7951,43.39542,-79.7978,f,ChIJdz_3riRhK4gRq1r776vqeDg,"96W3+M9 Burlington, Ontario",87M296W3+M9,2,4.2,ChIJdz_3riRhK4gRq1r776vqeDg,restaurant,1117,ben thanh,t,2024-12-31 05:23:58.155611
43,871,Crema Di Gelato,OPERATIONAL,"right next to Nishi Greek Taverna Restaurant The only place in Burlington where gelato made fresh in store, 100% real, 415 Locust Street Entrance is on, Locust St, Burlington, ON L7S 2J1, Canada", Burlington,"NULL",43.32408,-79.7971,43.32539,-79.7958,43.32269,-79.7985,f,ChIJxTmopTqeLIgRC--B7J41thg,"86F3+J5 Burlington, Ontario",87M286F3+J5,2,4.5,ChIJxTmopTqeLIgRC--B7J41thg,food,366,crema di gelato,t,2024-12-31 05:23:58.194232
44,259,RC'S Boardwalk Fries & Ice Cream Parlour,OPERATIONAL,"2013 Lakeshore Rd., Burlington, ON L7R 1A1, Canada", Burlington,"NULL",43.32477,-79.7957,43.32605,-79.7943,43.32335,-79.797,f,ChIJ258BBDCeLIgRXFiBwxGIr2s,"86F3+WP Burlington, Ontario",87M286F3+WP,2,4.5,ChIJ258BBDCeLIgRXFiBwxGIr2s,cafe,393,rc's boardwalk fries & ice cream parlour,t,2024-12-31 05:23:58.234395
45,652,Corn Beef Hut,OPERATIONAL,"476 Brant St, Burlington, ON L7R 2G4, Canada", Burlington,"NULL",43.327,-79.8,43.3284,-79.7986,43.3257,-79.8013,f,ChIJ_cnC9ZYkWkARMsA1XdsigZ8,"86G2+R2 Burlington, Ontario",87M286G2+R2,2,4.7,ChIJ_cnC9ZYkWkARMsA1XdsigZ8,restaurant,441,corn beef hut,t,2024-12-31 05:23:58.273605
46,833,Refuel juicery,OPERATIONAL,"900 Mapleview Av, Burlington, ON L7S 2J8, Canada", Burlington,"NULL",43.32564,-79.8203,43.32683,-79.8192,43.32413,-79.8219,f,ChIJRUw98A-eLIgROGOqPwEVpbs,"85GH+7V Burlington, Ontario",87M285GH+7V,2,4,ChIJRUw98A-eLIgROGOqPwEVpbs,food,116,refuel juicery,t,2024-12-31 05:23:58.312819
47,631,Mayjjana Restaurant & Lounge,OPERATIONAL,"4490 Fairview St, Burlington, ON L7L 5P9, Canada", Burlington,"NULL",43.37229,-79.7622,43.37361,-79.7613,43.37091,-79.764,f,ChIJg7b1e_ZhK4gRaeVvw9l_kk4,"96CQ+W4 Burlington, Ontario",87M296CQ+W4,2,4.5,ChIJg7b1e_ZhK4gRaeVvw9l_kk4,restaurant,368,mayjjana restaurant & lounge,t,2024-12-31 05:23:58.3574
48,776,Terra Nossa Brazilian Grill Burlington Mall,OPERATIONAL,"75 Middlesex Turnpike, Burlington, MA 01803, United States", Burlington,"NULL",42.48239,-71.2137,42.48341,-71.2126,42.48071,-71.2153,f,ChIJp5XipP-f44kRwRYXtUm8AIE,"FQJP+XG Burlington, Massachusetts, USA",87JCFQJP+XG,2,4.9,ChIJp5XipP-f44kRwRYXtUm8AIE,restaurant,291,terra nossa brazilian grill burlington mall,t,2024-12-31 05:23:58.396218
49,817,Asiana Noodle Shop,OPERATIONAL,"88 Church St, Burlington, VT 05401, United States", Burlington,"NULL",44.47795,-73.2124,44.47942,-73.2112,44.47672,-73.2139,f,ChIJ379HpCp7ykwRApo8kTKwBOQ,"FQHQ+53 Burlington, Vermont, USA",87P8FQHQ+53,2,4.3,ChIJ379HpCp7ykwRApo8kTKwBOQ,restaurant,204,asiana noodle shop,t,2024-12-31 05:23:58.43621
50,469,Copper Kettle Cafe,OPERATIONAL,"312 Dundas St E #4, Waterdown, ON L0R 2H5, Canada", Waterdown,"NULL",43.33342,-79.8926,43.33473,-79.8914,43.33203,-79.8941,f,ChIJlzSb8zmdLIgRO1N4dxenhPg,"84M4+9W Hamilton, Ontario",87M284M4+9W,2,4.5,ChIJlzSb8zmdLIgRO1N4dxenhPg,cafe,1128,copper kettle cafe,t,2024-12-31 05:23:58.479162
51,665,Marciano's Pasta Cafe,OPERATIONAL,"5 Mill St S, Waterdown, ON L0R 2H5, Canada", Waterdown,"NULL",43.33436,-79.8915,43.33568,-79.8902,43.33298,-79.8929,f,ChIJbd1_4mWdLIgRDUU4S8i51Zg,"84M5+PC Hamilton, Ontario",87M284M5+PC,2,4.6,ChIJbd1_4mWdLIgRDUU4S8i51Zg,restaurant,513,marciano's pasta cafe,t,2024-12-31 05:23:58.518169
52,52,The Watermark Taphouse & Grille,OPERATIONAL,"115 Hamilton St N, Waterdown, ON L8B 1A8, Canada", Waterdown,https://www.thewatermarktaphouse.com/,43.33504,-79.902,43.33653,-79.9004,43.33383,-79.9031,f,ChIJwdT-rlydLIgRkmyewoTZ4rM,"83PX+26 Hamilton, Ontario",87M283PX+26,2,4.4,ChIJwdT-rlydLIgRkmyewoTZ4rM,bar,585,the watermark taphouse & grille,t,2024-12-31 05:23:58.559632
53,307,Sushi Masayuki,OPERATIONAL,"2180 Itabashi Way, Burlington, ON L7M 5A5, Canada", Burlington,"NULL",43.3878,-79.7942,43.3891,-79.7928,43.3864,-79.7955,f,ChIJB6oq8xlhK4gRIyoP1YK67W4,"96Q4+48 Burlington, Ontario",87M296Q4+48,3,4.6,ChIJB6oq8xlhK4gRIyoP1YK67W4,restaurant,369,sushi masayuki,t,2024-12-31 05:23:58.596396
54,623,Nai Restaurant,OPERATIONAL,"4460 Fairview St b105 b107, Burlington, ON L7L 5P9, Canada", Burlington,"NULL",43.37213,-79.7631,43.37351,-79.7618,43.37081,-79.7645,f,ChIJxVlk1VNhK4gRkGJSYLa17Hs,"96CP+VQ Burlington, Ontario",87M296CP+VQ,4,4.4,ChIJxVlk1VNhK4gRkGJSYLa17Hs,night_club,1269,nai restaurant,t,2024-12-31 05:23:58.636579
55,59,The Redwoods Bar & Grill,OPERATIONAL,"1179 Northside Rd, Burlington, ON L7M 1H5, Canada", Burlington,https://redwoodsbar.ca/,43.36124,-79.8039,43.36243,-79.8027,43.35973,-79.8054,f,ChIJjyD5ULxhK4gRaMpw7V8LC1k,"956W+FC Burlington, Ontario",87M2956W+FC,NULL,NULL,ChIJjyD5ULxhK4gRaMpw7V8LC1k,bar,NULL,the redwoods bar & grill,t,2024-12-31 05:23:58.674443
56,603,Island Nightclub Patio Bar,OPERATIONAL,"4170 S Service Rd, Burlington, ON L7L 4X5, Canada", Burlington,"NULL",43.37039,-79.7821,43.37162,-79.781,43.36892,-79.7837,f,ChIJRzbzclVgK4gRPfomES8OiUU,"96C9+54 Burlington, Ontario",87M296C9+54,NULL,2.6,ChIJRzbzclVgK4gRPfomES8OiUU,night_club,79,island nightclub patio bar,t,2024-12-31 05:23:58.712425
57,591,Brooklyn's Bar & Grill,OPERATIONAL,"4065 Harvester Rd, Burlington, ON L7N 3R8, Canada", Burlington,"NULL",43.3645,-79.782,43.36581,-79.7808,43.36311,-79.7835,f,ChIJK8BSuFNgK4gR4p59_0Y76Vc,"9679+R5 Burlington, Ontario",87M29679+R5,NULL,3.8,ChIJK8BSuFNgK4gR4p59_0Y76Vc,bar,4,brooklyn's bar & grill,t,2024-12-31 05:23:58.751501
58,601,Play Bar,OPERATIONAL,"4166 S Service Rd, Burlington, ON L7L 4X5, Canada", Burlington,"NULL",43.37037,-79.7822,43.37163,-79.781,43.36893,-79.7837,f,ChIJo0u2c1VgK4gRcaJulfMrFow,"96C9+54 Burlington, Ontario",87M296C9+54,NULL,NULL,ChIJo0u2c1VgK4gRcaJulfMrFow,bar,NULL,play bar,t,2024-12-31 05:23:58.794125
59,851,THE KITCHEN Restaurant&Bar,OPERATIONAL,"960 Cumberland Ave, Burlington, ON L7N 3J7, Canada", Burlington,"NULL",43.35755,-79.7946,43.35905,-79.7931,43.35635,-79.7958,f,ChIJG7ZYxiNhK4gRD111w3h9cM4,"9654+25 Burlington, Ontario",87M29654+25,NULL,NULL,ChIJG7ZYxiNhK4gRD111w3h9cM4,restaurant,NULL,the kitchen restaurant&bar,t,2024-12-31 05:23:58.834766
60,632,Pizza Boat (Turkish Pizza Restaurant),OPERATIONAL,"4490 Fairview St, Burlington, ON L7L 5P9, Canada", Burlington,"NULL",43.37281,-79.7619,43.37422,-79.7605,43.37152,-79.7632,f,ChIJSx8rsmlhK4gResBHP6zeb1E,"96FQ+46 Burlington, Ontario",87M296FQ+46,NULL,4.8,ChIJSx8rsmlhK4gResBHP6zeb1E,restaurant,448,pizza boat (turkish pizza restaurant),t,2024-12-31 05:23:58.872958
61,486,Plaza,OPERATIONAL,"3247 Appleby Line, Burlington, ON L7M 0V7, Canada", Burlington,"NULL",43.41204,-79.8134,43.41341,-79.8122,43.41071,-79.8149,f,ChIJlaqoawBhK4gRd5vdCyTeTwA,"C56P+RJ Burlington, Ontario",87M2C56P+RJ,NULL,NULL,ChIJlaqoawBhK4gRd5vdCyTeTwA,restaurant,NULL,plaza,t,2024-12-31 05:23:58.91147
62,456,Camila,OPERATIONAL,"3051 Walkers Line Unit 2, Burlington, ON L7M 0W3, Canada", Burlington,"NULL",43.39378,-79.8238,43.39508,-79.8225,43.39238,-79.8252,f,ChIJLeFkkiVhK4gR-PzCYOnJYFw,"95VG+GF Burlington, Ontario",87M295VG+GF,NULL,4.8,ChIJLeFkkiVhK4gR-PzCYOnJYFw,restaurant,259,camila,t,2024-12-31 05:23:58.951019
63,589,50 Pesos Kitchen & Food Truck,OPERATIONAL,"4055 Harvester Rd #5, Burlington, ON L7L 5Z7, Canada", Burlington,"NULL",43.36435,-79.7825,43.36577,-79.7812,43.36307,-79.7839,f,ChIJNSjd-FJgK4gR7cbj8XgzKRs,"9678+PX Burlington, Ontario",87M29678+PX,NULL,4.8,ChIJNSjd-FJgK4gR7cbj8XgzKRs,restaurant,491,50 pesos kitchen & food truck,t,2024-12-31 05:23:58.988922
64,297,Golden Harvest Asian Cuisine,OPERATIONAL,"2146 Mountain Grove Ave, Burlington, ON L7P 2J3, Canada", Burlington,"NULL",43.36738,-79.8273,43.36865,-79.8258,43.36595,-79.8285,f,ChIJfXaKNYZhK4gRvzUZ5iQkQRE,"958F+X3 Burlington, Ontario",87M2958F+X3,NULL,3.8,ChIJfXaKNYZhK4gRvzUZ5iQkQRE,meal_delivery,138,golden harvest asian cuisine,t,2024-12-31 05:23:59.034886
65,211,Jiayan Chinese Restaurant,OPERATIONAL,"1860 Appleby Line Unit 18, Burlington, ON L7L 0B7, Canada", Burlington,"NULL",43.39088,-79.7884,43.39234,-79.7872,43.38964,-79.7899,f,ChIJf7_MUMNhK4gREteVGCrLZF0,"96R6+9J Burlington, Ontario",87M296R6+9J,NULL,3.7,ChIJf7_MUMNhK4gREteVGCrLZF0,restaurant,43,jiayan chinese restaurant,t,2024-12-31 05:23:59.072905
66,557,China Taste,OPERATIONAL,"3650 Dundas St, Burlington, ON L7M 4B8, Canada", Burlington,"NULL",43.3908,-79.8226,43.3921,-79.8213,43.3894,-79.824,f,ChIJzetgves2K4gRBCTF2ggO0Io,"95RG+8X Burlington, Ontario",87M295RG+8X,NULL,3.8,ChIJzetgves2K4gRBCTF2ggO0Io,restaurant,204,china taste,t,2024-12-31 05:23:59.110624
67,876,MY Chinese DISH,OPERATIONAL,"Unit1&2, 3480 Fairview St, Burlington, ON L7N 2R5, Canada", Burlington,"NULL",43.35722,-79.7816,43.35863,-79.7803,43.35593,-79.783,f,ChIJL64HL-lhK4gRKMz59l_71So,"9649+V9 Burlington, Ontario",87M29649+V9,NULL,4.6,ChIJL64HL-lhK4gRKMz59l_71So,restaurant,490,my chinese dish,t,2024-12-31 05:23:59.15163
68,153,Bo Chin Chinese Food,OPERATIONAL,"1500 Upper Middle Rd, Burlington, ON L7P 3P5, Canada", Burlington,"NULL",43.35607,-79.845,43.35747,-79.8436,43.35477,-79.8463,f,ChIJIQK0bZhhK4gRqxbz34vXFyQ,"9544+C2 Burlington, Ontario",87M29544+C2,NULL,4,ChIJIQK0bZhhK4gRqxbz34vXFyQ,restaurant,166,bo chin chinese food,t,2024-12-31 05:23:59.191646
69,534,Red Chillie,OPERATIONAL,"3505 Upper Middle Rd, Burlington, ON L7M 4C6, Canada", Burlington,"NULL",43.3795,-79.8085,43.38081,-79.8071,43.37811,-79.8098,f,ChIJLfzVVQthK4gR2pdhMFkqh_g,"95HR+QJ Burlington, Ontario",87M295HR+QJ,NULL,3.5,ChIJLfzVVQthK4gR2pdhMFkqh_g,restaurant,106,red chillie,t,2024-12-31 05:23:59.231687
70,744,Panda Chopsticks Chinese Restaurant,OPERATIONAL,"650 Plains Rd E, Burlington, ON L7T 2E9, Canada", Burlington,"NULL",43.32241,-79.8307,43.32389,-79.8297,43.32119,-79.8324,f,ChIJeXCw5gmeLIgRo8GxhZ8m3UU,"85C9+XP Burlington, Ontario",87M285C9+XP,NULL,4.2,ChIJeXCw5gmeLIgRo8GxhZ8m3UU,restaurant,203,panda chopsticks chinese restaurant,t,2024-12-31 05:23:59.271457
71,385,JF Chen Chinese Food,OPERATIONAL,"2475 Appleby Line E4, Burlington, ON L7L 0B6, Canada", Burlington,"NULL",43.4059,-79.8062,43.40726,-79.8048,43.40456,-79.8075,f,ChIJ2T-Y5UlhK4gRygqtKLe_Sbw,"C54V+9G Burlington, Ontario",87M2C54V+9G,NULL,3.5,ChIJ2T-Y5UlhK4gRygqtKLe_Sbw,meal_takeaway,164,jf chen chinese food,t,2024-12-31 05:23:59.310441
72,786,Famous Wok,OPERATIONAL,"777 Guelph Line, Burlington, ON L7R 3N2, Canada", Burlington,"NULL",43.34851,-79.7936,43.34962,-79.7924,43.34692,-79.7964,f,ChIJRZQ2lxBhK4gRSA_PwWJGd50,"86X4+CH Burlington, Ontario",87M286X4+CH,NULL,4.4,ChIJRZQ2lxBhK4gRSA_PwWJGd50,meal_takeaway,25,famous wok,t,2024-12-31 05:23:59.351717
73,704,Aroma Kitchen,OPERATIONAL,"566 Plains Rd E, Burlington, ON L7T 2E5, Canada", Burlington,"NULL",43.32057,-79.8338,43.32201,-79.8326,43.31931,-79.8353,f,ChIJtQ0wpKydLIgRFyCPOCQtHg8,"85C8+6F Burlington, Ontario",87M285C8+6F,NULL,3.5,ChIJtQ0wpKydLIgRFyCPOCQtHg8,restaurant,2,aroma kitchen,t,2024-12-31 05:23:59.390845
74,345,BURLINGTON HAKKA AND MOMO HUB.,OPERATIONAL,"2388 Fairview St, Burlington, ON L7R 2E4, Canada", Burlington,"NULL",43.3448,-79.7996,43.34629,-79.7986,43.34359,-79.8013,f,ChIJwW8z8-hhK4gRWvdCd763C8s,"86V2+W4 Burlington, Ontario",87M286V2+W4,NULL,4.9,ChIJwW8z8-hhK4gRWvdCd763C8s,restaurant,7,burlington hakka and momo hub.,t,2024-12-31 05:23:59.436193
75,353,1st Choice Kitchen,OPERATIONAL,"2405 Fairview St, Burlington, ON L7R 2E4, Canada", Burlington,"NULL",43.34611,-79.7997,43.3473,-79.7981,43.3446,-79.8008,f,ChIJVVUl78RhK4gRR4vsY53hVkM,"86W2+C4 Burlington, Ontario",87M286W2+C4,NULL,NULL,ChIJVVUl78RhK4gRR4vsY53hVkM,restaurant,NULL,1st choice kitchen,t,2024-12-31 05:23:59.474606
76,678,Oakville Hakka House,OPERATIONAL,"516 Plains Rd E, Burlington, ON L7T 2E1, Canada", Burlington,"NULL",43.31907,-79.8356,43.32035,-79.8344,43.31765,-79.8371,f,ChIJNy336cydLIgR5YruZTIMf-8,"8597+JQ Burlington, Ontario",87M28597+JQ,NULL,4.6,ChIJNy336cydLIgR5YruZTIMf-8,meal_takeaway,436,oakville hakka house,t,2024-12-31 05:23:59.516452
77,266,BurgerTone,OPERATIONAL,"2025 Upper Middle Rd, Burlington, ON L7P 4K1, Canada", Burlington,"NULL",43.35823,-79.8436,43.35956,-79.8422,43.35686,-79.8449,f,ChIJb8i_rrhjK4gR9TNUIhevwNE,"9554+7H Burlington, Ontario",87M29554+7H,NULL,4.7,ChIJb8i_rrhjK4gR9TNUIhevwNE,restaurant,471,burgertone,t,2024-12-31 05:23:59.553979
78,493,Mr. Jack's,OPERATIONAL,"3300 Fairview St Unit#: 9, Burlington, ON L7N 3N7, Canada", Burlington,"NULL",43.35325,-79.7862,43.35465,-79.785,43.35195,-79.7877,f,ChIJ9_F5w2xhK4gR2g40141IyUE,"9637+7G Burlington, Ontario",87M29637+7G,NULL,4.3,ChIJ9_F5w2xhK4gR2g40141IyUE,restaurant,108,mr. jack's,t,2024-12-31 05:23:59.592526
79,32,Dunky's Beach Shack,OPERATIONAL,"1086 Lakeshore Rd., Burlington, ON L7S 1A7, Canada", Burlington,"NULL",43.30879,-79.7998,43.31011,-79.7987,43.30741,-79.8014,f,ChIJ92R5Y96fLIgRjPnYPHwzoIg,"8652+G3 Burlington, Ontario",87M28652+G3,NULL,4.9,ChIJ92R5Y96fLIgRjPnYPHwzoIg,restaurant,59,dunky's beach shack,t,2024-12-31 05:23:59.630685
80,510,Hoser Burger,OPERATIONAL,"3420 Rebecca Street, 4040 Palladium Way, Burlington, ON L7M 0V6, Canada", Burlington,"NULL",43.39672,-79.8289,43.39799,-79.8275,43.39529,-79.8302,f,ChIJuTSXqhzT1IkR_hbDTnSrrEo,"95WC+MC Burlington, Ontario",87M295WC+MC,NULL,4.2,ChIJuTSXqhzT1IkR_hbDTnSrrEo,restaurant,5,hoser burger,t,2024-12-31 05:23:59.675046
81,354,Meatheadz,OPERATIONAL,"2405 Fairview St, Burlington, ON L7R 2E4, Canada", Burlington,"NULL",43.34611,-79.7997,43.3473,-79.7981,43.3446,-79.8008,f,ChIJu-VFn7BhK4gRSkAtc21a_04,"86W2+C4 Burlington, Ontario",87M286W2+C4,NULL,2.3,ChIJu-VFn7BhK4gRSkAtc21a_04,restaurant,3,meatheadz,t,2024-12-31 05:23:59.712178
82,92,Halibut 'N' Malt Fish & Chips,OPERATIONAL,"1250 Brant St #4, Burlington, ON L7P 1X8, Canada", Burlington,https://halibutnmalt.ca/,43.34264,-79.8284,43.34403,-79.8271,43.34133,-79.8298,f,ChIJCdrLtfhhK4gR5osFqvGHqi8,"85VC+2J Burlington, Ontario",87M285VC+2J,NULL,4.4,ChIJCdrLtfhhK4gR5osFqvGHqi8,restaurant,565,halibut 'n' malt fish & chips,t,2024-12-31 05:23:59.754481
83,560,The French Fry Guy,OPERATIONAL,"4305 Fairview St, Burlington, ON L7L 2A4, Canada", Burlington,"NULL",43.36782,-79.7702,43.36945,-79.7686,43.36675,-79.7713,f,ChIJU5vSHK1hK4gRRPjcAI3bF5A,"969H+4W Burlington, Ontario",87M2969H+4W,NULL,4.4,ChIJU5vSHK1hK4gRRPjcAI3bF5A,restaurant,313,the french fry guy,t,2024-12-31 05:23:59.792712
84,494,The Eddie,OPERATIONAL,"3300 Fairview St Unit#: 9, Burlington, ON L7N 3N7, Canada", Burlington,"NULL",43.35345,-79.786,43.35481,-79.7847,43.35211,-79.7874,f,ChIJyQ_YbRVhK4gRlvkiaXGS9EQ,"9637+9J Burlington, Ontario",87M29637+9J,NULL,5,ChIJyQ_YbRVhK4gRlvkiaXGS9EQ,restaurant,5,the eddie,t,2024-12-31 05:23:59.830276
85,258,London Shawarma & Burger (Halal) Karabakh kabab house,OPERATIONAL,"2011 Plains Rd E unit #3, Burlington, ON L7R 0A6, Canada", Burlington,"NULL",43.33879,-79.8174,43.34003,-79.8161,43.33733,-79.8188,f,ChIJF-vR6RJhK4gRBZzTvyd7OuI,"85QM+G2 Burlington, Ontario",87M285QM+G2,NULL,4.8,ChIJF-vR6RJhK4gRBZzTvyd7OuI,restaurant,213,london shawarma & burger (halal) karabakh kabab house,t,2024-12-31 05:23:59.868724
86,389,Tribute Bands,OPERATIONAL,"2477 Glenwood School Dr, Burlington, ON L7R 0C9, Canada", Burlington,"NULL",43.34991,-79.8027,43.35117,-79.8013,43.34848,-79.804,f,ChIJZ0bvW8FhK4gRMoBiD6am6-c,"85XW+XW Burlington, Ontario",87M285XW+XW,NULL,NULL,ChIJZ0bvW8FhK4gRMoBiD6am6-c,store,NULL,tribute bands,t,2024-12-31 05:23:59.907568
87,836,B Town Sound,OPERATIONAL,"919 Fraser Dr, Burlington, ON L7L 4X8, Canada", Burlington,"NULL",43.36665,-79.7828,43.36798,-79.7812,43.36528,-79.7839,f,ChIJI4BFX1NgK4gRlLDcmVM8l3k,"9689+Q2 Burlington, Ontario",87M29689+Q2,NULL,4.7,ChIJI4BFX1NgK4gRlLDcmVM8l3k,store,96,b town sound,t,2024-12-31 05:23:59.952607
88,515,Hangry Chicken,OPERATIONAL,"3450 Dundas St Unit B6, Burlington, ON L7M 4B8, Canada", Burlington,"NULL",43.39019,-79.8242,43.39157,-79.8228,43.38887,-79.8255,f,ChIJdx10DyRhK4gRqPkND3qafoo,"95RG+38 Burlington, Ontario",87M295RG+38,NULL,4.4,ChIJdx10DyRhK4gRqPkND3qafoo,restaurant,342,hangry chicken,t,2024-12-31 05:23:59.991617
89,645,Kukuâ€™s Chicken,OPERATIONAL,"461 Guelph Line, Burlington, ON L7R 3L8, Canada", Burlington,"NULL",43.3396,-79.7848,43.34091,-79.7835,43.33821,-79.7862,f,ChIJxWm8XuphK4gRHoPwx-vgezE,"86Q8+R3 Burlington, Ontario",87M286Q8+R3,NULL,4.7,ChIJxWm8XuphK4gRHoPwx-vgezE,restaurant,107,kukuâ€™s chicken,t,2024-12-31 05:24:00.038445
90,614,Jack Hoffinme's Sea Food,OPERATIONAL,"4345 N Service Rd, Burlington, ON L7L 4X7, Canada", Burlington,"NULL",43.37659,-79.7786,43.37802,-79.7771,43.37532,-79.7798,f,ChIJ559qBFxhK4gRGhthYRvOLNk,"96GC+JH Burlington, Ontario",87M296GC+JH,NULL,5,ChIJ559qBFxhK4gRGhthYRvOLNk,restaurant,2,jack hoffinme's sea food,t,2024-12-31 05:24:00.077671
91,533,Genki Fish And Chips,OPERATIONAL,"3505 Upper Middle Rd, Burlington, ON L7M 4C6, Canada", Burlington,"NULL",43.3795,-79.8075,43.38091,-79.8062,43.37821,-79.8089,f,ChIJpV3-y9FhK4gR_w_qdoRdTrs,"95HV+R2 Burlington, Ontario",87M295HV+R2,NULL,5,ChIJpV3-y9FhK4gR_w_qdoRdTrs,restaurant,1,genki fish and chips,t,2024-12-31 05:24:00.117619
92,760,Dave's Fish Market Inc,OPERATIONAL,"685 Plains Rd E, Burlington, ON L7T 2E8, Canada", Burlington,"NULL",43.32402,-79.8305,43.32531,-79.8291,43.32261,-79.8318,f,ChIJf6IW9uGdLIgRbXx-znxgqGM,"85F9+JQ Burlington, Ontario",87M285F9+JQ,NULL,4.4,ChIJf6IW9uGdLIgRbXx-znxgqGM,food,249,dave's fish market inc,t,2024-12-31 05:24:00.15617
93,314,Fishing Sushi Burlington,OPERATIONAL,"2201 Brant St Unit #18, Burlington, ON L7P 3N8, Canada", Burlington,"NULL",43.35718,-79.8427,43.35844,-79.8415,43.35574,-79.8442,f,ChIJL80EKgFjK4gR4hyoju4pg1o,"9544+VW Burlington, Ontario",87M29544+VW,NULL,4.7,ChIJL80EKgFjK4gR4hyoju4pg1o,meal_takeaway,247,fishing sushi burlington,t,2024-12-31 05:24:00.196468
94,771,Siam Dish Thai Cuisine,OPERATIONAL,"730 Guelph Line, Burlington, ON L7R 3N5, Canada", Burlington,"NULL",43.34514,-79.7953,43.34662,-79.7938,43.34392,-79.7965,f,ChIJxTmopTqeLIgRacSxMx93Imk,"86W3+3V Burlington, Ontario",87M286W3+3V,NULL,4.1,ChIJxTmopTqeLIgRacSxMx93Imk,meal_delivery,378,siam dish thai cuisine,t,2024-12-31 05:24:00.296412
95,659,Hoseki Sushi,OPERATIONAL,"491 Appleby Line #103, Burlington, ON L7L 2Y1, Canada", Burlington,"NULL",43.3684,-79.7546,43.36982,-79.7531,43.36712,-79.7558,f,ChIJfyIj7olhK4gRwe-okCYgX0s,"969W+95 Burlington, Ontario",87M2969W+95,NULL,4.8,ChIJfyIj7olhK4gRwe-okCYgX0s,restaurant,239,hoseki sushi,t,2024-12-31 05:24:00.35657
96,552,Chef Martin's Sushi House,OPERATIONAL,"361 Brant St, Burlington, ON L7R 2E7, Canada", Burlington,"NULL",43.32492,-79.7965,43.32624,-79.7952,43.32354,-79.7979,f,ChIJ9xGoUx-fLIgRY2iVI0HTwRQ,"86F3+XC Burlington, Ontario",87M286F3+XC,NULL,4.6,ChIJ9xGoUx-fLIgRY2iVI0HTwRQ,restaurant,32,chef martin's sushi house,t,2024-12-31 05:24:00.395688
97,346,Gusto Restaurant,OPERATIONAL,"2388 Fairview St, Burlington, ON L7R 2E4, Canada", Burlington,"NULL",43.3448,-79.7996,43.34632,-79.7985,43.34362,-79.8012,f,ChIJ-YZU_XVhK4gRSFf0TGS81NU,"86V2+W4 Burlington, Ontario",87M286V2+W4,NULL,4.5,ChIJ-YZU_XVhK4gRSFf0TGS81NU,restaurant,65,gusto restaurant,t,2024-12-31 05:24:00.434381
98,86,Prince of India Burlington,OPERATIONAL,"1235 Fairview St, Burlington, ON L7S 2H9, Canada", Burlington,https://princeofindia.restaurant/,43.33088,-79.8198,43.33221,-79.8184,43.32951,-79.8211,f,ChIJd19YU7ufLIgRmBdm-rvDq0o,"85JJ+93 Burlington, Ontario",87M285JJ+93,NULL,4.4,ChIJd19YU7ufLIgRmBdm-rvDq0o,restaurant,1215,prince of india burlington,t,2024-12-31 05:24:00.474831
99,305,Nawabs Indian Cuisine,OPERATIONAL,"2180 Itabashi Way Unit # D4, Burlington, ON L7M 5A5, Canada", Burlington,"NULL",43.38706,-79.7949,43.3885,-79.7934,43.3858,-79.7961,f,ChIJsfQaNWlhK4gRIgo6hbGMx3o,"96P4+R2 Burlington, Ontario",87M296P4+R2,NULL,4.2,ChIJsfQaNWlhK4gRIgo6hbGMx3o,restaurant,443,nawabs indian cuisine,t,2024-12-31 05:24:00.514649
100,610,Bombay Chili,OPERATIONAL,"4265 Thomas Alton Blvd, Burlington, ON L7M 0M9, Canada", Burlington,"NULL",43.40073,-79.823,43.40204,-79.8215,43.39934,-79.8242,f,ChIJs0MZInxhK4gRXes1u27D3fQ,"C52G+7R Burlington, Ontario",87M2C52G+7R,NULL,4.4,ChIJs0MZInxhK4gRXes1u27D3fQ,restaurant,352,bombay chili,t,2024-12-31 05:24:00.557507
101,624,Mughal Spices Burlington,OPERATIONAL,"4460 Fairview St, Burlington, ON L7L 5P9, Canada", Burlington,"NULL",43.37196,-79.763,43.37342,-79.7617,43.37072,-79.7644,f,ChIJfy2JSaBhK4gR_Yxe_vywGHU,"96CP+QQ Burlington, Ontario",87M296CP+QQ,NULL,4.9,ChIJfy2JSaBhK4gR_Yxe_vywGHU,restaurant,468,mughal spices burlington,t,2024-12-31 05:24:00.596243
102,245,Bombay Vintage,OPERATIONAL,"2000 Appleby Line Unit F4, Burlington, ON L7L 6M6, Canada", Burlington,"NULL",43.39353,-79.7914,43.39481,-79.7902,43.39211,-79.7929,f,ChIJdXvW-PFhK4gRTAeiyWSrevA,"96V5+CC Burlington, Ontario",87M296V5+CC,NULL,4.6,ChIJdXvW-PFhK4gRTAeiyWSrevA,meal_delivery,488,bombay vintage,t,2024-12-31 05:24:00.638847
103,133,Shruti's Kitchen,OPERATIONAL,"1413 Treeland St, Burlington, ON L7R 4S1, Canada", Burlington,"NULL",43.33906,-79.8214,43.34029,-79.8199,43.33759,-79.8226,f,ChIJC1AfGURhK4gRMovtKtVOZtM,"85QH+JC Burlington, Ontario",87M285QH+JC,NULL,4.8,ChIJC1AfGURhK4gRMovtKtVOZtM,meal_takeaway,125,shruti's kitchen,t,2024-12-31 05:24:00.676954
104,807,Bombay Biryani,OPERATIONAL,"814 Brant St, Burlington, ON L7R 2J5, Canada", Burlington,"NULL",43.33406,-79.8107,43.33544,-79.8093,43.33274,-79.812,f,ChIJaYlLMxyfLIgR1BbWj7vmDoU,"85MQ+JP Burlington, Ontario",87M285MQ+JP,NULL,4.1,ChIJaYlLMxyfLIgR1BbWj7vmDoU,restaurant,179,bombay biryani,t,2024-12-31 05:24:00.71483
105,497,Jeera,OPERATIONAL,"3315 Fairview St Unit 6, Burlington, ON L7N 3N9, Canada", Burlington,"NULL",43.35484,-79.7865,43.35602,-79.7851,43.35332,-79.7878,f,ChIJx9_1Fk5hK4gR5IRTt647sjw,"9637+WC Burlington, Ontario",87M29637+WC,NULL,5,ChIJx9_1Fk5hK4gR5IRTt647sjw,restaurant,31,jeera,t,2024-12-31 05:24:00.7544
106,329,T.O.'s Kathi Roll Eatery Burlington,OPERATIONAL,"2321 Appleby Line Unit H4, Burlington, ON L7M 4P9, Canada", Burlington,"NULL",43.40405,-79.803,43.40534,-79.8017,43.40264,-79.8044,f,ChIJw3vNowthK4gRUAImgiwConA,"C53W+JR Burlington, Ontario",87M2C53W+JR,NULL,4.1,ChIJw3vNowthK4gRUAImgiwConA,restaurant,195,t.o.'s kathi roll eatery burlington,t,2024-12-31 05:24:00.792272
107,84,Toss It Up - Fusion Indian Eatery Restaurant and Bar,OPERATIONAL,"1233 Dillon Rd, Burlington, ON L7M 1K6, Canada", Burlington,https://tossituprestobar.com/,43.36933,-79.8002,43.37078,-79.7987,43.36809,-79.8014,f,ChIJU93fLmxhK4gRUtfpJeIgOPg,"959X+PW Burlington, Ontario",87M2959X+PW,NULL,4.4,ChIJU93fLmxhK4gRUtfpJeIgOPg,restaurant,94,toss it up - fusion indian eatery restaurant and bar,t,2024-12-31 05:24:00.831947
108,487,motiram dummy,OPERATIONAL,"3249 Munson Crescent, Burlington, ON L7M 0B9, Canada", Burlington,"NULL",43.39605,-79.8269,43.39746,-79.8255,43.39476,-79.8282,f,ChIJz4NJJophK4gRZ_FRHrLgaLU,"95WF+C6 Burlington, Ontario",87M295WF+C6,NULL,5,ChIJz4NJJophK4gRZ_FRHrLgaLU,restaurant,1,motiram dummy,t,2024-12-31 05:24:00.871296
109,587,Pots & Potatoes,OPERATIONAL,"4041 New St, Burlington, ON L7L 1S8, Canada", Burlington,"NULL",43.35471,-79.7693,43.35601,-79.7678,43.35331,-79.7705,f,ChIJwQZZ9o1hK4gRAdd35SNdqNw,"963J+V8 Burlington, Ontario",87M2963J+V8,NULL,4.7,ChIJwQZZ9o1hK4gRAdd35SNdqNw,restaurant,186,pots & potatoes,t,2024-12-31 05:24:00.910038
110,543,Indian Accent Curry & Hakka Chinese,CLOSED_TEMPORARILY,"3537 Fairview St #3, Burlington, ON L7N 2R4, Canada", Burlington,"NULL",43.3597,-79.7805,43.36104,-79.779,43.35834,-79.7817,f,ChIJkdZHouFhK4gRHiUsG5TCfOo,"9659+VR Burlington, Ontario",87M29659+VR,NULL,4,ChIJkdZHouFhK4gRHiUsG5TCfOo,restaurant,50,indian accent curry & hakka chinese,t,2024-12-31 05:24:00.948273
111,739,Thai Senses Restaurant,OPERATIONAL,"645 Plains Rd E B-1, Burlington, ON L7T 4J5, Canada", Burlington,"NULL",43.32286,-79.8322,43.32421,-79.8308,43.32151,-79.8335,f,ChIJSRM8J46dLIgRkjqYPIOXvDk,"85F9+44 Burlington, Ontario",87M285F9+44,NULL,4.7,ChIJSRM8J46dLIgRkjqYPIOXvDk,meal_delivery,151,thai senses restaurant,t,2024-12-31 05:24:00.986221
112,827,Ruby Thai Kitchen,OPERATIONAL,"900 Maple Ave f1, Burlington, ON L7S 2J8, Canada", Burlington,"NULL",43.32591,-79.8206,43.3271,-79.8195,43.3244,-79.8222,f,ChIJ60t_LxCeLIgRpHHKR7mxmBs,"85GH+9Q Burlington, Ontario",87M285GH+9Q,NULL,3.5,ChIJ60t_LxCeLIgRpHHKR7mxmBs,restaurant,50,ruby thai kitchen,t,2024-12-31 05:24:01.026171
113,662,Premium Grill N Butcher,OPERATIONAL,"495 Brant St, Burlington, ON L7R 2G5, Canada", Burlington,"NULL",43.32751,-79.8003,43.32882,-79.799,43.32612,-79.8017,f,ChIJlYXo5_qfLIgRSeJlZH7O3ME,"85HX+2V Burlington, Ontario",87M285HX+2V,NULL,4.3,ChIJlYXo5_qfLIgRSeJlZH7O3ME,restaurant,10,premium grill n butcher,t,2024-12-31 05:24:01.066208
114,288,Daylight Grill (Appleby),OPERATIONAL,"2080 Appleby Line, Burlington, ON L7L 6M6, Canada", Burlington,https://daylightgrill.ca/,43.39725,-79.797,43.39864,-79.7955,43.39594,-79.7982,f,ChIJH7RiXwBhK4gRZKo2f9Tm3qs,"96W3+V5 Burlington, Ontario",87M296W3+V5,NULL,4.9,ChIJH7RiXwBhK4gRZKo2f9Tm3qs,restaurant,61,daylight grill (appleby),t,2024-12-31 05:24:01.105111
115,855,Great North American Grill,OPERATIONAL,"985 Syscon Rd, Burlington, ON L7L 5S2, Canada", Burlington,"NULL",43.39296,-79.7569,43.39431,-79.7555,43.39161,-79.7582,f,ChIJw4j8_7xgK4gRaGWl-C7-OPw,"96VV+57 Burlington, Ontario",87M296VV+57,NULL,4.4,ChIJw4j8_7xgK4gRaGWl-C7-OPw,restaurant,21,great north american grill,t,2024-12-31 05:24:01.143384
116,830,Marry Me Mochi,OPERATIONAL,"900 Maple Ave, Burlington, ON L7S 2J8, Canada", Burlington,"NULL",43.32448,-79.8188,43.32598,-79.8173,43.32328,-79.82,f,ChIJF0ibMOGfLIgRK3bZ-2Fx0tU,"85FJ+QF Burlington, Ontario",87M285FJ+QF,NULL,5,ChIJF0ibMOGfLIgRK3bZ-2Fx0tU,store,2,marry me mochi,t,2024-12-31 05:24:01.182482
117,866,Alia's Gelato & CafÃ©,OPERATIONAL,"Locust St, Burlington, ON L7S 2J1, Canada", Burlington,"NULL",43.32419,-79.7972,43.32556,-79.796,43.32286,-79.7987,f,ChIJdRfrkZmfLIgRn4aqYcxSa5g,"86F3+M4 Burlington, Ontario",87M286F3+M4,NULL,4.6,ChIJdRfrkZmfLIgRn4aqYcxSa5g,store,347,alia's gelato & cafã©,t,2024-12-31 05:24:01.226948
118,310,eZ Rolls Ice Cream,OPERATIONAL,"2184 Mountain Grove Ave, Burlington, ON L7P 2J3, Canada", Burlington,"NULL",43.36748,-79.8267,43.36891,-79.8254,43.36621,-79.8281,f,ChIJ_5n9oXFhK4gRPN6Hj0VV4QI,"958F+X8 Burlington, Ontario",87M2958F+X8,NULL,4.6,ChIJ_5n9oXFhK4gRPN6Hj0VV4QI,food,99,ez rolls ice cream,t,2024-12-31 05:24:01.267577
119,861,I Love Gelato,OPERATIONAL,"Directly facing Spencer Smith Park, 1477 Lakeshore Rd. Unit 8, Burlington, ON L7S 1B5, Canada", Burlington,"NULL",43.3243,-79.7966,43.32558,-79.7952,43.32288,-79.7979,f,ChIJc0U6QEGfLIgReQ0o8VOgH3w,"86F3+P9 Burlington, Ontario",87M286F3+P9,NULL,4,ChIJc0U6QEGfLIgReQ0o8VOgH3w,food,341,i love gelato,t,2024-12-31 05:24:01.304516
120,10,Tasty Scoop,OPERATIONAL,"100 Plains Rd W Unit 50, Burlington, ON L7T 0A5, Canada", Burlington,"NULL",43.30376,-79.8556,43.30528,-79.8542,43.30258,-79.8569,f,ChIJZXG1-bSdLIgRn5j9eYH5Zok,"843V+GQ Burlington, Ontario",87M2843V+GQ,NULL,4.8,ChIJZXG1-bSdLIgRn5j9eYH5Zok,food,160,tasty scoop,t,2024-12-31 05:24:01.349565
121,718,Centro Noca,OPERATIONAL,"590 Brant St, Burlington, ON L7R 2G9, Canada", Burlington,"NULL",43.32904,-79.8032,43.33048,-79.8017,43.32778,-79.8044,f,ChIJDdScRkifLIgRxPqu5Biabk4,"85HW+JP Burlington, Ontario",87M285HW+JP,NULL,4.8,ChIJDdScRkifLIgRxPqu5Biabk4,store,22,centro noca,t,2024-12-31 05:24:01.386606
122,121,Janina Soup Company,OPERATIONAL,"1369 Janina Blvd, Burlington, ON L7P 1K5, Canada", Burlington,https://www.janinasoupcompany.ca/,43.34811,-79.8343,43.34952,-79.8329,43.34682,-79.8355,f,ChIJj3GGAJRjK4gRddtS3okaCbc,"85X8+67 Burlington, Ontario",87M285X8+67,NULL,5,ChIJj3GGAJRjK4gRddtS3okaCbc,restaurant,31,janina soup company,t,2024-12-31 05:24:01.424365
123,622,No.8 Restaurant,OPERATIONAL,"446 Pearl St, Burlington, ON L7R 2N1, Canada", Burlington,"NULL",43.3274,-79.7963,43.32884,-79.7948,43.32614,-79.7975,f,ChIJpbnEzZqfLIgRJ-Lyz_ag61U,"86G3+XF Burlington, Ontario",87M286G3+XF,NULL,4.8,ChIJpbnEzZqfLIgRJ-Lyz_ag61U,restaurant,16,no.8 restaurant,t,2024-12-31 05:24:01.466354
124,283,Rendezvous Submarine Shop,OPERATIONAL,"2057 Mt Forest Dr, Burlington, ON L7P 1H4, Canada", Burlington,"NULL",43.34805,-79.8272,43.34935,-79.8259,43.34665,-79.8286,f,ChIJ0Z-Fg_dhK4gRmWVkqorj5bY,"85XF+64 Burlington, Ontario",87M285XF+64,NULL,4.5,ChIJ0Z-Fg_dhK4gRmWVkqorj5bY,meal_takeaway,271,rendezvous submarine shop,t,2024-12-31 05:24:01.5064
125,525,Euro Market Delicatessen,OPERATIONAL,"3480 Fairview St, Burlington, ON L7N 2R5, Canada", Burlington,"NULL",43.3575,-79.7814,43.3589,-79.7801,43.3562,-79.7828,f,ChIJU4T_aUxgK4gR494vw_fkS8I,"9659+2C Burlington, Ontario",87M29659+2C,NULL,4.7,ChIJU4T_aUxgK4gR494vw_fkS8I,food,55,euro market delicatessen,t,2024-12-31 05:24:01.544422
126,698,Select Sandwich Corporate Catering,OPERATIONAL,"5515 N Service Rd, Burlington, ON L7L 6G4, Canada", Burlington,"NULL",43.39583,-79.763,43.3973,-79.7615,43.3946,-79.7642,f,ChIJeXg4gLhgK4gR_3Uy_xXYYno,"96WP+8Q Burlington, Ontario",87M296WP+8Q,NULL,4.4,ChIJeXg4gLhgK4gR_3Uy_xXYYno,restaurant,17,select sandwich corporate catering,t,2024-12-31 05:24:01.584517
127,697,Delimark Cafe,OPERATIONAL,"5500 N Service Rd, Burlington, ON L7L 6W6, Canada", Burlington,"NULL",43.39614,-79.7613,43.39733,-79.76,43.39463,-79.7627,f,ChIJrX0Ii7hgK4gR31rQGzwG9Ng,"96WQ+FF Burlington, Ontario",87M296WQ+FF,NULL,5,ChIJrX0Ii7hgK4gR31rQGzwG9Ng,restaurant,8,delimark cafe,t,2024-12-31 05:24:01.62513
128,609,iBUTCHER Fine Halal Meat & iGROCERY,OPERATIONAL,"4265 Thomas Alton Blvd #11, Burlington, ON L7M 0Z4, Canada", Burlington,"NULL",43.40081,-79.8229,43.40213,-79.8214,43.39943,-79.8241,f,ChIJ__-_w1thK4gRy-SXxyxnk14,"C52G+8V Burlington, Ontario",87M2C52G+8V,NULL,4.5,ChIJ__-_w1thK4gRy-SXxyxnk14,food,127,ibutcher fine halal meat & igrocery,t,2024-12-31 05:24:01.662886
129,278,Village Boutique Foods,OPERATIONAL,"2049 Pine St, Burlington, ON L7R 1E9, Canada", Burlington,"NULL",43.32638,-79.7949,43.32771,-79.7936,43.32501,-79.7963,f,ChIJs0Vii8CfLIgRWhZqs20e9Ig,"86G4+H2 Burlington, Ontario",87M286G4+H2,NULL,4.1,ChIJs0Vii8CfLIgRWhZqs20e9Ig,grocery_or_supermarket,9,village boutique foods,t,2024-12-31 05:24:01.712708
130,546,BAB Korean Food & BBQ,OPERATIONAL,"3550 Dundas St Unit 1, Burlington, ON L7M 4B8, Canada", Burlington,"NULL",43.38995,-79.823,43.39135,-79.8217,43.38865,-79.8244,f,ChIJIxf5yLthK4gROLLu9DoPZaE,"95QG+XR Burlington, Ontario",87M295QG+XR,NULL,4.6,ChIJIxf5yLthK4gROLLu9DoPZaE,restaurant,237,bab korean food & bbq,t,2024-12-31 05:24:01.752299
131,712,Greek Market Chicken,OPERATIONAL,"581 Brant St, Burlington, ON L7R 2G6, Canada", Burlington,"NULL",43.32963,-79.8022,43.33098,-79.8009,43.32828,-79.8036,f,ChIJG-9L2XCfLIgRuINd5WlSGA8,"85HX+V4 Burlington, Ontario",87M285HX+V4,NULL,4.5,ChIJG-9L2XCfLIgRuINd5WlSGA8,restaurant,109,greek market chicken,t,2024-12-31 05:24:01.790652
132,318,Mikaela's Kitchen,OPERATIONAL,"2236 Mountainside Dr, Burlington, ON L7P 1B6, Canada", Burlington,"NULL",43.34926,-79.8169,43.35064,-79.8157,43.34794,-79.8184,f,ChIJJWerR-5hK4gRmbf_mBBiaCY,"85XM+P6 Burlington, Ontario",87M285XM+P6,NULL,4.5,ChIJJWerR-5hK4gRmbf_mBBiaCY,restaurant,160,mikaela's kitchen,t,2024-12-31 05:24:01.830744
133,85,Shawarma Alzaeem,OPERATIONAL,"1235 Fairview St Unit C4, Burlington, ON L7S 1Y3, Canada", Burlington,https://www.alzaeem.ca/,43.33104,-79.8194,43.33241,-79.818,43.32972,-79.8207,f,ChIJA8N_HzefLIgRxYILeiS9voI,"85JJ+C6 Burlington, Ontario",87M285JJ+C6,NULL,4.7,ChIJA8N_HzefLIgRxYILeiS9voI,restaurant,731,shawarma alzaeem,t,2024-12-31 05:24:01.870583
134,12,Sana Grill Burlington,OPERATIONAL,"1015 Cedarwood Pl, Burlington, ON L7T 3J4, Canada", Burlington,"NULL",43.32136,-79.8343,43.32265,-79.833,43.31995,-79.8357,f,ChIJ9YgR3-CdLIgRY_9EW8iRU4A,"85C8+G7 Burlington, Ontario",87M285C8+G7,NULL,4.8,ChIJ9YgR3-CdLIgRY_9EW8iRU4A,restaurant,698,sana grill burlington,t,2024-12-31 05:24:01.908836
135,257,PHá»ž 26 Vietnamese Restaurant,OPERATIONAL,"2011 Plains Rd E Unit # 2, Burlington, ON L7R 0A6, Canada", Burlington,"NULL",43.33879,-79.8174,43.34003,-79.8162,43.33733,-79.8189,f,ChIJbSLP3uJhK4gRI3tcFD7npNQ,"85QM+G2 Burlington, Ontario",87M285QM+G2,NULL,3.1,ChIJbSLP3uJhK4gRI3tcFD7npNQ,restaurant,191,phá»ž 26 vietnamese restaurant,t,2024-12-31 05:24:01.948397
136,793,The Art Of Pho,OPERATIONAL,"777 Guelph Line, Burlington, ON L7R 3N2, Canada", Burlington,"NULL",43.34923,-79.7935,43.35061,-79.7923,43.34791,-79.795,f,ChIJA_bqyiRhK4gRY0Bx1QghogI,"86X4+MH Burlington, Ontario",87M286X4+MH,NULL,4.6,ChIJA_bqyiRhK4gRY0Bx1QghogI,restaurant,125,the art of pho,t,2024-12-31 05:24:01.986454
137,693,PastaCo (Factory Outlet),OPERATIONAL,"5341 John Lucas Dr, Burlington, ON L7L 6A8, Canada", Burlington,"NULL",43.39712,-79.766,43.39845,-79.7646,43.39575,-79.7673,f,ChIJxUZcRcZgK4gROO1gc_djwOE,"96WM+VJ Burlington, Ontario",87M296WM+VJ,NULL,3.6,ChIJxUZcRcZgK4gROO1gc_djwOE,food,17,pastaco (factory outlet),t,2024-12-31 05:24:02.024762
138,382,The British Market,OPERATIONAL,"2465 Mt Forest Dr, Burlington, ON L7P 1J7, Canada", Burlington,"NULL",43.35988,-79.8156,43.3612,-79.8141,43.3585,-79.8168,f,ChIJwTTEO25hK4gRjf-keh3WkKo,"955M+XQ Burlington, Ontario",87M2955M+XQ,NULL,4.8,ChIJwTTEO25hK4gRjf-keh3WkKo,grocery_or_supermarket,28,the british market,t,2024-12-31 05:24:02.087093
139,433,Vic Caters & Bakery,OPERATIONAL,"2920 Headon Forest Dr, Burlington, ON L7M 4H1, Canada", Burlington,"NULL",43.38922,-79.8217,43.39062,-79.8205,43.38792,-79.8232,f,ChIJp65llw1jK4gRLU8RrWhpGoA,"95QH+M8 Burlington, Ontario",87M295QH+M8,NULL,4.4,ChIJp65llw1jK4gRLU8RrWhpGoA,restaurant,124,vic caters & bakery,t,2024-12-31 05:24:02.133674
140,443,Fitfuel Smoothies,OPERATIONAL,"3011 Appleby Line, Burlington, ON L7M 0V7, Canada", Burlington,"NULL",43.40972,-79.8063,43.41088,-79.805,43.40818,-79.8077,f,ChIJB4WzTI9hK4gRbLF1s1_dfmM,"C55V+VF Burlington, Ontario",87M2C55V+VF,NULL,5,ChIJB4WzTI9hK4gRbLF1s1_dfmM,restaurant,5,fitfuel smoothies,t,2024-12-31 05:24:02.201614
141,757,Farmer Jack's Market,OPERATIONAL,"676 Appleby Line, Burlington, ON L7L 5Y1, Canada", Burlington,"NULL",43.37142,-79.762,43.37289,-79.7605,43.37019,-79.7632,f,ChIJ2fS-KYtgK4gR3KFIh-ERT3k,"96CQ+H6 Burlington, Ontario",87M296CQ+H6,NULL,4.5,ChIJ2fS-KYtgK4gR3KFIh-ERT3k,grocery_or_supermarket,114,farmer jack's market,t,2024-12-31 05:24:02.251689
142,279,Village Square Supplements,OPERATIONAL,"2049 Pine St, Burlington, ON L7R 1E9, Canada", Burlington,"NULL",43.32638,-79.7952,43.32764,-79.7937,43.32494,-79.7964,f,ChIJn0cNrgCfLIgRP5Whxn8tvfI,"86G3+HW Burlington, Ontario",87M286G3+HW,NULL,4.8,ChIJn0cNrgCfLIgRP5Whxn8tvfI,restaurant,22,village square supplements,t,2024-12-31 05:24:02.312481
143,142,Hima lounge,OPERATIONAL,"1450 Headon Rd, Burlington, ON L7M 3Z5, Canada", Burlington,"NULL",43.37329,-79.8098,43.37473,-79.8083,43.37203,-79.811,f,ChIJ1VnppARhK4gRLFuMGX1HkMY,"95FR+83 Burlington, Ontario",87M295FR+83,NULL,5,ChIJ1VnppARhK4gRLFuMGX1HkMY,restaurant,45,hima lounge,t,2024-12-31 05:24:02.35053
144,596,Swadesh Supermarket-Burlington,OPERATIONAL,"4155 Fairview St #16, Burlington, ON L7L 2A4, Canada", Burlington,"NULL",43.36487,-79.7754,43.36592,-79.7736,43.36322,-79.7763,f,ChIJ5SubTk5hK4gRUMt7hZSZ9QE,"967F+WR Burlington, Ontario",87M2967F+WR,NULL,4.6,ChIJ5SubTk5hK4gRUMt7hZSZ9QE,grocery_or_supermarket,289,swadesh supermarket-burlington,t,2024-12-31 05:24:02.388087
145,53,Dolo Crepes,OPERATIONAL,"1158 King Rd #24, Burlington, ON L7T 0C5, Canada", Burlington,https://dolocrepes.ca/,43.32463,-79.8389,43.32598,-79.8376,43.32328,-79.8403,f,ChIJme8-9i2dLIgRC6HBgsPJZ50,"85F6+VC Burlington, Ontario",87M285F6+VC,NULL,5,ChIJme8-9i2dLIgRC6HBgsPJZ50,meal_takeaway,13,dolo crepes,t,2024-12-31 05:24:02.430216
146,380,MightyBird (Appleby Line),OPERATIONAL,"2465 Appleby Line unit D1A, Burlington, ON L7L 0B6, Canada", Burlington,"NULL",43.40574,-79.8056,43.40716,-79.8044,43.40446,-79.8071,f,ChIJd74CuXxhK4gRyMsvrV9PRPs,"C54V+7P Burlington, Ontario",87M2C54V+7P,NULL,4.7,ChIJd74CuXxhK4gRyMsvrV9PRPs,restaurant,233,mightybird (appleby line),t,2024-12-31 05:24:02.473332
147,166,Desi Mandi,OPERATIONAL,"1515 N Service Rd, Burlington, ON L7P 5C7, Canada", Burlington,"NULL",43.346,-79.8189,43.34731,-79.8175,43.34461,-79.8202,f,ChIJB2O7pu1hK4gRQ7MiHuSjbVM,"85WJ+9C Burlington, Ontario",87M285WJ+9C,NULL,4,ChIJB2O7pu1hK4gRQ7MiHuSjbVM,grocery_or_supermarket,690,desi mandi,t,2024-12-31 05:24:02.513648
148,360,Snack Express,OPERATIONAL,"2430 Fairview St, Burlington, ON L7R 2E4, Canada", Burlington,"NULL",43.34647,-79.7977,43.34782,-79.7964,43.34512,-79.7991,f,ChIJF2LBDcVhK4gRQf5fnIhCEWM,"86W2+HW Burlington, Ontario",87M286W2+HW,NULL,5,ChIJF2LBDcVhK4gRQf5fnIhCEWM,meal_takeaway,2,snack express,t,2024-12-31 05:24:02.553131
149,643,Lena's Roti & Doubles,OPERATIONAL,"460 Brant St #1, Burlington, ON L7R 4B6, Canada", Burlington,"NULL",43.32665,-79.7995,43.32804,-79.7981,43.32534,-79.8008,f,ChIJ25zYIM6fLIgRPKHvJNmPaqs,"86G2+M6 Burlington, Ontario",87M286G2+M6,NULL,4.6,ChIJ25zYIM6fLIgRPKHvJNmPaqs,restaurant,155,lena's roti & doubles,t,2024-12-31 05:24:02.592143
150,808,Kapadokya Kebab House,OPERATIONAL,"814 Brant St, Burlington, ON L7R 2J5, Canada", Burlington,"NULL",43.33404,-79.8108,43.33544,-79.8094,43.33274,-79.8121,f,ChIJdQG-ygifLIgR97ilAZK0ZUY,"85MQ+JM Burlington, Ontario",87M285MQ+JM,NULL,4.6,ChIJdQG-ygifLIgR97ilAZK0ZUY,restaurant,439,kapadokya kebab house,t,2024-12-31 05:24:02.632379
151,277,The Hood,OPERATIONAL,"2049 Pine St, Burlington, ON L7R 1E9, Canada", Burlington,"NULL",43.32634,-79.7952,43.32762,-79.7937,43.32492,-79.7964,f,ChIJMXzGQF6fLIgRYeAzYoBujkI,"86G3+GW Burlington, Ontario",87M286G3+GW,NULL,4.6,ChIJMXzGQF6fLIgRYeAzYoBujkI,restaurant,102,the hood,t,2024-12-31 05:24:02.670691
152,457,Soul Mate in a Plate,OPERATIONAL,"3056 Autumn Hill Crescent, Burlington, ON L7M 1Y5, Canada", Burlington,"NULL",43.37673,-79.8361,43.37801,-79.8349,43.37531,-79.8376,f,ChIJPbmhcaBjK4gR4_lq3UZ7jsc,"95G7+MH Burlington, Ontario",87M295G7+MH,NULL,NULL,ChIJPbmhcaBjK4gR4_lq3UZ7jsc,restaurant,NULL,soul mate in a plate,t,2024-12-31 05:24:02.708922
153,763,Samir Kabab House,OPERATIONAL,"699 Guelph Line, Burlington, ON L7R 3M7, Canada", Burlington,"NULL",43.34481,-79.7934,43.3461,-79.7921,43.3434,-79.7948,f,ChIJBRF98xFhK4gR7MQd-u-bFb4,"86V4+WJ Burlington, Ontario",87M286V4+WJ,NULL,4.4,ChIJBRF98xFhK4gR7MQd-u-bFb4,restaurant,274,samir kabab house,t,2024-12-31 05:24:02.747241
154,49,Taste of Accra,OPERATIONAL,"4391 Millcroft Park Dr, Burlington, ON L7M 4Y7, Canada", Burlington,"NULL",43.3995,-79.8117,43.40094,-79.8103,43.39824,-79.813,f,ChIJDRxnZephK4gRyRxJ5DyMSys,"95XQ+Q8 Burlington, Ontario",87M295XQ+Q8,NULL,5,ChIJDRxnZephK4gRyRxJ5DyMSys,restaurant,4,taste of accra,t,2024-12-31 05:24:02.786602
155,344,Joe's African & Caribbean Market Inc.,OPERATIONAL,"2388 Fairview St Unit 3, Burlington, ON L7R 2E4, Canada", Burlington,"NULL",43.34506,-79.7998,43.34646,-79.7985,43.34376,-79.8012,f,ChIJDzz8MgSfLIgRQUEUhcr44Xg,"86W2+23 Burlington, Ontario",87M286W2+23,NULL,4.5,ChIJDzz8MgSfLIgRQUEUhcr44Xg,grocery_or_supermarket,53,joe's african & caribbean market inc.,t,2024-12-31 05:24:02.83024
156,640,Sammy's Donair,OPERATIONAL,"453 Guelph Line, Burlington, ON L7R 3L8, Canada", Burlington,"NULL",43.33954,-79.7846,43.34082,-79.7833,43.33812,-79.786,f,ChIJucdBTdNhK4gRx-O0cEZ0SLM,"86Q8+R5 Burlington, Ontario",87M286Q8+R5,NULL,4.3,ChIJucdBTdNhK4gRx-O0cEZ0SLM,restaurant,556,sammy's donair,t,2024-12-31 05:24:02.868277
157,222,Arabian Pita,OPERATIONAL,"1900 Walkers Line, Burlington, ON L7M 4W5, Canada", Burlington,"NULL",43.37834,-79.8056,43.3797,-79.8043,43.377,-79.807,f,ChIJGwN9tTthK4gRgUNL1HV2WPA,"95HV+8Q Burlington, Ontario",87M295HV+8Q,NULL,5,ChIJGwN9tTthK4gRgUNL1HV2WPA,restaurant,140,arabian pita,t,2024-12-31 05:24:02.906999
158,127,KABOB LOUNGE,OPERATIONAL,"1400 Plains Rd E, Burlington, ON L7R 3P8, Canada", Burlington,"NULL",43.33689,-79.8179,43.33819,-79.8166,43.33549,-79.8193,f,ChIJXVBrBe2fLIgReOS8DByxTR8,"85PJ+QR Burlington, Ontario",87M285PJ+QR,NULL,4.9,ChIJXVBrBe2fLIgReOS8DByxTR8,restaurant,40,kabob lounge,t,2024-12-31 05:24:02.949158
159,633,Brazilian Bakery & Pizza,OPERATIONAL,"45 Winn St, Burlington, MA 01803, United States", Burlington,"NULL",42.49201,-71.1755,42.49344,-71.174,42.49074,-71.1767,f,ChIJ-6RN6_N144kRixXYuRzLxfk,"FRRF+RQ Burlington, Massachusetts, USA",87JCFRRF+RQ,NULL,4.2,ChIJ-6RN6_N144kRixXYuRzLxfk,restaurant,83,brazilian bakery & pizza,t,2024-12-31 05:24:02.989178
160,287,Hawaiiowan Cafe,OPERATIONAL,"208 N 4th St, Burlington, IA 52601, United States", Burlington,"NULL",40.80961,-91.1039,40.81097,-91.1026,40.80828,-91.1053,f,ChIJVUDlrcsx4YcRtgeQIYPgZIk,"RV5W+RF Burlington, Iowa, USA",86GCRV5W+RF,NULL,4.7,ChIJVUDlrcsx4YcRtgeQIYPgZIk,restaurant,56,hawaiiowan cafe,t,2024-12-31 05:24:03.027032
161,110,Kelly Greens,OPERATIONAL,"1326 Brant St, Burlington, ON L7P 1X7, Canada", Burlington,https://www.kelly-greens.ca/,43.34512,-79.8282,43.34658,-79.8267,43.34388,-79.8294,f,ChIJqYklKEBhK4gRqGN18yAp7tM,"85WC+2P Burlington, Ontario",87M285WC+2P,NULL,4.9,ChIJqYklKEBhK4gRqGN18yAp7tM,meal_takeaway,80,kelly greens,t,2024-12-31 05:24:03.064804
162,55,LOUISIANA CHICKEN,OPERATIONAL,"1160 King Rd, Burlington, ON L7T 3L7, Canada", Burlington,"NULL",43.32452,-79.8383,43.32615,-79.8365,43.32345,-79.8392,f,ChIJbU0EX7edLIgRS71J0-p9eMY,"85F6+RM Burlington, Ontario",87M285F6+RM,NULL,NULL,ChIJbU0EX7edLIgRS71J0-p9eMY,restaurant,NULL,louisiana chicken,t,2024-12-31 05:24:03.102263
